[{
  "id": 1,
  "first_name": "Vallie",
  "last_name": "Boden",
  "email": "vboden0@wikipedia.org",
  "birthday": "5/12/2010",
  "phone": "635-117-3162"
}, {
  "id": 2,
  "first_name": "Theresa",
  "last_name": "Piscotti",
  "email": "tpiscotti1@bravesites.com",
  "birthday": "4/14/2001",
  "phone": "958-579-0930"
}, {
  "id": 3,
  "first_name": "Antoni",
  "last_name": "Chappelow",
  "email": "achappelow2@alexa.com",
  "birthday": "5/27/2008",
  "phone": "545-996-3923"
}, {
  "id": 4,
  "first_name": "Gardiner",
  "last_name": "Risbie",
  "email": "grisbie3@hatena.ne.jp",
  "birthday": "11/29/1982",
  "phone": "185-454-8308"
}, {
  "id": 5,
  "first_name": "Fifi",
  "last_name": "Fleckney",
  "email": "ffleckney4@exblog.jp",
  "birthday": "5/25/1985",
  "phone": "442-310-0437"
}, {
  "id": 6,
  "first_name": "Drusilla",
  "last_name": "Northridge",
  "email": "dnorthridge5@nba.com",
  "birthday": "2/19/2007",
  "phone": "669-414-3064"
}, {
  "id": 7,
  "first_name": "Lion",
  "last_name": "Mitkin",
  "email": "lmitkin6@printfriendly.com",
  "birthday": "12/6/1979",
  "phone": "412-983-8180"
}, {
  "id": 8,
  "first_name": "Lelah",
  "last_name": "Alliban",
  "email": "lalliban7@newyorker.com",
  "birthday": "8/26/2006",
  "phone": "753-850-1638"
}, {
  "id": 9,
  "first_name": "Neilla",
  "last_name": "Flecknoe",
  "email": "nflecknoe8@smugmug.com",
  "birthday": "8/10/2003",
  "phone": "563-314-7201"
}, {
  "id": 10,
  "first_name": "Tootsie",
  "last_name": "Halwood",
  "email": "thalwood9@diigo.com",
  "birthday": "7/25/1987",
  "phone": "879-362-5672"
}, {
  "id": 11,
  "first_name": "Dyann",
  "last_name": "Raecroft",
  "email": "draecrofta@wordpress.com",
  "birthday": "4/23/1987",
  "phone": "314-704-6159"
}, {
  "id": 12,
  "first_name": "Kerwinn",
  "last_name": "Meeny",
  "email": "kmeenyb@noaa.gov",
  "birthday": "9/13/2002",
  "phone": "796-396-6752"
}, {
  "id": 13,
  "first_name": "Gib",
  "last_name": "Tassaker",
  "email": "gtassakerc@blogtalkradio.com",
  "birthday": "10/30/2006",
  "phone": "220-323-9312"
}, {
  "id": 14,
  "first_name": "Willie",
  "last_name": "Geikie",
  "email": "wgeikied@time.com",
  "birthday": "9/12/1982",
  "phone": "939-369-3398"
}, {
  "id": 15,
  "first_name": "Raffaello",
  "last_name": "Korfmann",
  "email": "rkorfmanne@woothemes.com",
  "birthday": "7/18/2005",
  "phone": "208-208-1460"
}, {
  "id": 16,
  "first_name": "Consuela",
  "last_name": "Dillistone",
  "email": "cdillistonef@state.gov",
  "birthday": "8/16/2005",
  "phone": "743-265-6750"
}, {
  "id": 17,
  "first_name": "Ingamar",
  "last_name": "Grandison",
  "email": "igrandisong@gnu.org",
  "birthday": "9/21/1984",
  "phone": "181-193-7011"
}, {
  "id": 18,
  "first_name": "Wilhelmine",
  "last_name": "Brissard",
  "email": "wbrissardh@columbia.edu",
  "birthday": "3/17/1991",
  "phone": "204-472-9613"
}, {
  "id": 19,
  "first_name": "Dredi",
  "last_name": "Feary",
  "email": "dfearyi@imageshack.us",
  "birthday": "2/12/1987",
  "phone": "242-999-5207"
}, {
  "id": 20,
  "first_name": "Trefor",
  "last_name": "Shayes",
  "email": "tshayesj@topsy.com",
  "birthday": "2/18/1992",
  "phone": "494-994-4689"
}]